candidate_id,wavelength_nm,target_cp_power,same_spin_leakage_power,conversion_to_leakage_ratio,L_fraction_under_R_in,R_fraction_under_R_in,DoCP_RminusL,total_power,status,fsp_path,extraction_ok,candidate_role,reused_from_dense_lite
BW2_J1J2_D194_T90_PSI97_H525,447.0,0.742510027913,0.032496678205,22.8487977519,0.958069165146,0.041930834854,-0.916138330292,0.775006706118,PASS,D:\project\blue_apcd_microled_metasurface\outputs\stage10_cp_bw2_robust_narrowband_dimer_screen\_saved_fsp_dense_lite\BW2_J1J2_D194_T90_PSI97_H525\BW2_J1J2_D194_T90_PSI97_H525_447NM_XIN.fsp;D:\project\blue_apcd_microled_metasurface\outputs\stage10_cp_bw2_robust_narrowband_dimer_screen\_saved_fsp_dense_lite\BW2_J1J2_D194_T90_PSI97_H525\BW2_J1J2_D194_T90_PSI97_H525_447NM_YIN.fsp,true,B4INT baseline reference,true
BW2_J1J2_D194_T90_PSI97_H525,447.25,0.544799159655,0.0352813334376,15.4415694242,0.939178555635,0.0608214443646,-0.878357111271,0.580080493093,BORDERLINE,D:\project\blue_apcd_microled_metasurface\outputs\stage10_cp_bw2_robust_narrowband_dimer_screen\_saved_fsp_refined_025\BW2_J1J2_D194_T90_PSI97_H525\BW2_J1J2_D194_T90_PSI97_H525_447p25NM_XIN.fsp;D:\project\blue_apcd_microled_metasurface\outputs\stage10_cp_bw2_robust_narrowband_dimer_screen\_saved_fsp_refined_025\BW2_J1J2_D194_T90_PSI97_H525\BW2_J1J2_D194_T90_PSI97_H525_447p25NM_YIN.fsp,true,B4INT baseline reference,false
BW2_J1J2_D194_T90_PSI97_H525,447.5,0.372847793907,0.0357187083584,10.4384455946,0.912575533823,0.0874244661771,-0.825151067646,0.408566502265,BORDERLINE,D:\project\blue_apcd_microled_metasurface\outputs\stage10_cp_bw2_robust_narrowband_dimer_screen\_saved_fsp_dense_lite\BW2_J1J2_D194_T90_PSI97_H525\BW2_J1J2_D194_T90_PSI97_H525_447p5NM_XIN.fsp;D:\project\blue_apcd_microled_metasurface\outputs\stage10_cp_bw2_robust_narrowband_dimer_screen\_saved_fsp_dense_lite\BW2_J1J2_D194_T90_PSI97_H525\BW2_J1J2_D194_T90_PSI97_H525_447p5NM_YIN.fsp,true,B4INT baseline reference,true
BW2_J1J2_D194_T90_PSI97_H525,447.75,0.271333202,0.0336635543174,8.06014716812,0.889626516938,0.110373483062,-0.779253033876,0.304996756317,BORDERLINE,D:\project\blue_apcd_microled_metasurface\outputs\stage10_cp_bw2_robust_narrowband_dimer_screen\_saved_fsp_refined_025\BW2_J1J2_D194_T90_PSI97_H525\BW2_J1J2_D194_T90_PSI97_H525_447p75NM_XIN.fsp;D:\project\blue_apcd_microled_metasurface\outputs\stage10_cp_bw2_robust_narrowband_dimer_screen\_saved_fsp_refined_025\BW2_J1J2_D194_T90_PSI97_H525\BW2_J1J2_D194_T90_PSI97_H525_447p75NM_YIN.fsp,true,B4INT baseline reference,false
BW2_J1J2_D194_T90_PSI97_H525,448.0,0.267805154613,0.0294288860722,9.10007786078,0.90099086227,0.0990091377298,-0.80198172454,0.297234040685,BORDERLINE,D:\project\blue_apcd_microled_metasurface\outputs\stage10_cp_bw2_robust_narrowband_dimer_screen\_saved_fsp_dense_lite\BW2_J1J2_D194_T90_PSI97_H525\BW2_J1J2_D194_T90_PSI97_H525_448NM_XIN.fsp;D:\project\blue_apcd_microled_metasurface\outputs\stage10_cp_bw2_robust_narrowband_dimer_screen\_saved_fsp_dense_lite\BW2_J1J2_D194_T90_PSI97_H525\BW2_J1J2_D194_T90_PSI97_H525_448NM_YIN.fsp,true,B4INT baseline reference,true
BW2_J1J2_D194_T90_PSI97_H525,448.25,0.364124386428,0.0236983824431,15.3649468398,0.938893782559,0.0611062174408,-0.877787565118,0.387822768871,BORDERLINE,D:\project\blue_apcd_microled_metasurface\outputs\stage10_cp_bw2_robust_narrowband_dimer_screen\_saved_fsp_refined_025\BW2_J1J2_D194_T90_PSI97_H525\BW2_J1J2_D194_T90_PSI97_H525_448p25NM_XIN.fsp;D:\project\blue_apcd_microled_metasurface\outputs\stage10_cp_bw2_robust_narrowband_dimer_screen\_saved_fsp_refined_025\BW2_J1J2_D194_T90_PSI97_H525\BW2_J1J2_D194_T90_PSI97_H525_448p25NM_YIN.fsp,true,B4INT baseline reference,false
BW2_J1J2_D194_T90_PSI97_H525,448.5,0.536026961188,0.0173618791421,30.8737871518,0.968626257205,0.0313737427949,-0.93725251441,0.55338884033,PASS,D:\project\blue_apcd_microled_metasurface\outputs\stage10_cp_bw2_robust_narrowband_dimer_screen\_saved_fsp_dense_lite\BW2_J1J2_D194_T90_PSI97_H525\BW2_J1J2_D194_T90_PSI97_H525_448p5NM_XIN.fsp;D:\project\blue_apcd_microled_metasurface\outputs\stage10_cp_bw2_robust_narrowband_dimer_screen\_saved_fsp_dense_lite\BW2_J1J2_D194_T90_PSI97_H525\BW2_J1J2_D194_T90_PSI97_H525_448p5NM_YIN.fsp,true,B4INT baseline reference,true
BW2_J1J2_D194_T90_PSI97_H525,448.75,0.740859324425,0.0113230240238,65.429457967,0.98494643746,0.0150535625399,-0.96989287492,0.752182348448,PASS,D:\project\blue_apcd_microled_metasurface\outputs\stage10_cp_bw2_robust_narrowband_dimer_screen\_saved_fsp_refined_025\BW2_J1J2_D194_T90_PSI97_H525\BW2_J1J2_D194_T90_PSI97_H525_448p75NM_XIN.fsp;D:\project\blue_apcd_microled_metasurface\outputs\stage10_cp_bw2_robust_narrowband_dimer_screen\_saved_fsp_refined_025\BW2_J1J2_D194_T90_PSI97_H525\BW2_J1J2_D194_T90_PSI97_H525_448p75NM_YIN.fsp,true,B4INT baseline reference,false
BW2_J1J2_D194_T90_PSI97_H525,449.0,0.930748584293,0.00632747527474,147.096360536,0.993247639602,0.00675236039821,-0.986495279204,0.937076059568,PASS,D:\project\blue_apcd_microled_metasurface\outputs\stage10_cp_bw2_robust_narrowband_dimer_screen\_saved_fsp_dense_lite\BW2_J1J2_D194_T90_PSI97_H525\BW2_J1J2_D194_T90_PSI97_H525_449NM_XIN.fsp;D:\project\blue_apcd_microled_metasurface\outputs\stage10_cp_bw2_robust_narrowband_dimer_screen\_saved_fsp_dense_lite\BW2_J1J2_D194_T90_PSI97_H525\BW2_J1J2_D194_T90_PSI97_H525_449NM_YIN.fsp,true,B4INT baseline reference,true
BW2_J1J2_D194_T90_PSI97_H525,449.25,1.14512775659,0.000731069153236,1566.37405849,0.999361990206,0.000638009793885,-0.998723980412,1.14585882575,PASS,D:\project\blue_apcd_microled_metasurface\outputs\stage10_cp_bw2_robust_narrowband_dimer_screen\_saved_fsp_refined_025\BW2_J1J2_D194_T90_PSI97_H525\BW2_J1J2_D194_T90_PSI97_H525_449p25NM_XIN.fsp;D:\project\blue_apcd_microled_metasurface\outputs\stage10_cp_bw2_robust_narrowband_dimer_screen\_saved_fsp_refined_025\BW2_J1J2_D194_T90_PSI97_H525\BW2_J1J2_D194_T90_PSI97_H525_449p25NM_YIN.fsp,true,B4INT baseline reference,false
BW2_J1J2_D194_T90_PSI97_H525,449.5,1.10198225817,0.00130068652325,847.231241716,0.998821076199,0.00117892380146,-0.997642152397,1.1032829447,PASS,D:\project\blue_apcd_microled_metasurface\outputs\stage10_cp_bw2_robust_narrowband_dimer_screen\_saved_fsp_dense_lite\BW2_J1J2_D194_T90_PSI97_H525\BW2_J1J2_D194_T90_PSI97_H525_449p5NM_XIN.fsp;D:\project\blue_apcd_microled_metasurface\outputs\stage10_cp_bw2_robust_narrowband_dimer_screen\_saved_fsp_dense_lite\BW2_J1J2_D194_T90_PSI97_H525\BW2_J1J2_D194_T90_PSI97_H525_449p5NM_YIN.fsp,true,B4INT baseline reference,true
BW2_J1J2_D194_T90_PSI97_H525,449.75,1.02637225346,0.00223716344637,458.782864131,0.99782506031,0.00217493969004,-0.99565012062,1.0286094169,PASS,D:\project\blue_apcd_microled_metasurface\outputs\stage10_cp_bw2_robust_narrowband_dimer_screen\_saved_fsp_refined_025\BW2_J1J2_D194_T90_PSI97_H525\BW2_J1J2_D194_T90_PSI97_H525_449p75NM_XIN.fsp;D:\project\blue_apcd_microled_metasurface\outputs\stage10_cp_bw2_robust_narrowband_dimer_screen\_saved_fsp_refined_025\BW2_J1J2_D194_T90_PSI97_H525\BW2_J1J2_D194_T90_PSI97_H525_449p75NM_YIN.fsp,true,B4INT baseline reference,false
BW2_J1J2_D194_T90_PSI97_H525,450.0,0.952912154469,0.00322235011076,295.719621306,0.996629815057,0.00337018494294,-0.993259630114,0.95613450458,PASS,D:\project\blue_apcd_microled_metasurface\outputs\stage10_cp_bw2_robust_narrowband_dimer_screen\_saved_fsp_dense_lite\BW2_J1J2_D194_T90_PSI97_H525\BW2_J1J2_D194_T90_PSI97_H525_450NM_XIN.fsp;D:\project\blue_apcd_microled_metasurface\outputs\stage10_cp_bw2_robust_narrowband_dimer_screen\_saved_fsp_dense_lite\BW2_J1J2_D194_T90_PSI97_H525\BW2_J1J2_D194_T90_PSI97_H525_450NM_YIN.fsp,true,B4INT baseline reference,true
BW2_J1J2_D194_T90_PSI97_H525,450.25,0.908300896895,0.00404143701289,224.747013005,0.99557026254,0.00442973746004,-0.99114052508,0.912342333908,PASS,D:\project\blue_apcd_microled_metasurface\outputs\stage10_cp_bw2_robust_narrowband_dimer_screen\_saved_fsp_refined_025\BW2_J1J2_D194_T90_PSI97_H525\BW2_J1J2_D194_T90_PSI97_H525_450p25NM_XIN.fsp;D:\project\blue_apcd_microled_metasurface\outputs\stage10_cp_bw2_robust_narrowband_dimer_screen\_saved_fsp_refined_025\BW2_J1J2_D194_T90_PSI97_H525\BW2_J1J2_D194_T90_PSI97_H525_450p25NM_YIN.fsp,true,B4INT baseline reference,false
BW2_J1J2_D194_T90_PSI97_H525,450.5,0.904101563551,0.0045963705594,196.699015422,0.994941805867,0.00505819413346,-0.989883611733,0.90869793411,PASS,D:\project\blue_apcd_microled_metasurface\outputs\stage10_cp_bw2_robust_narrowband_dimer_screen\_saved_fsp_dense_lite\BW2_J1J2_D194_T90_PSI97_H525\BW2_J1J2_D194_T90_PSI97_H525_450p5NM_XIN.fsp;D:\project\blue_apcd_microled_metasurface\outputs\stage10_cp_bw2_robust_narrowband_dimer_screen\_saved_fsp_dense_lite\BW2_J1J2_D194_T90_PSI97_H525\BW2_J1J2_D194_T90_PSI97_H525_450p5NM_YIN.fsp,true,B4INT baseline reference,true
BW2_J1J2_D194_T90_PSI97_H525,450.75,0.935130397409,0.00491994406576,190.069314795,0.994766297241,0.00523370275898,-0.989532594482,0.940050341474,PASS,D:\project\blue_apcd_microled_metasurface\outputs\stage10_cp_bw2_robust_narrowband_dimer_screen\_saved_fsp_refined_025\BW2_J1J2_D194_T90_PSI97_H525\BW2_J1J2_D194_T90_PSI97_H525_450p75NM_XIN.fsp;D:\project\blue_apcd_microled_metasurface\outputs\stage10_cp_bw2_robust_narrowband_dimer_screen\_saved_fsp_refined_025\BW2_J1J2_D194_T90_PSI97_H525\BW2_J1J2_D194_T90_PSI97_H525_450p75NM_YIN.fsp,true,B4INT baseline reference,false
BW2_J1J2_D194_T90_PSI97_H525,451.0,0.983776288919,0.00515829738699,190.717249339,0.994783985252,0.00521601474801,-0.989567970504,0.988934586306,PASS,D:\project\blue_apcd_microled_metasurface\outputs\stage10_cp_bw2_robust_narrowband_dimer_screen\_saved_fsp_dense_lite\BW2_J1J2_D194_T90_PSI97_H525\BW2_J1J2_D194_T90_PSI97_H525_451NM_XIN.fsp;D:\project\blue_apcd_microled_metasurface\outputs\stage10_cp_bw2_robust_narrowband_dimer_screen\_saved_fsp_dense_lite\BW2_J1J2_D194_T90_PSI97_H525\BW2_J1J2_D194_T90_PSI97_H525_451NM_YIN.fsp,true,B4INT baseline reference,true
BW2_J1J2_D194_T90_PSI97_H525,451.25,1.02812340498,0.00552091593802,186.223339845,0.994658785594,0.00534121440643,-0.989317571187,1.03364432092,PASS,D:\project\blue_apcd_microled_metasurface\outputs\stage10_cp_bw2_robust_narrowband_dimer_screen\_saved_fsp_refined_025\BW2_J1J2_D194_T90_PSI97_H525\BW2_J1J2_D194_T90_PSI97_H525_451p25NM_XIN.fsp;D:\project\blue_apcd_microled_metasurface\outputs\stage10_cp_bw2_robust_narrowband_dimer_screen\_saved_fsp_refined_025\BW2_J1J2_D194_T90_PSI97_H525\BW2_J1J2_D194_T90_PSI97_H525_451p25NM_YIN.fsp,true,B4INT baseline reference,false
BW2_J1J2_D194_T90_PSI97_H525,451.5,1.05061037747,0.00620588654889,169.292552997,0.994127752609,0.00587224739076,-0.988255505218,1.05681626402,PASS,D:\project\blue_apcd_microled_metasurface\outputs\stage10_cp_bw2_robust_narrowband_dimer_screen\_saved_fsp_dense_lite\BW2_J1J2_D194_T90_PSI97_H525\BW2_J1J2_D194_T90_PSI97_H525_451p5NM_XIN.fsp;D:\project\blue_apcd_microled_metasurface\outputs\stage10_cp_bw2_robust_narrowband_dimer_screen\_saved_fsp_dense_lite\BW2_J1J2_D194_T90_PSI97_H525\BW2_J1J2_D194_T90_PSI97_H525_451p5NM_YIN.fsp,true,B4INT baseline reference,true
BW2_J1J2_D194_T90_PSI97_H525,451.75,1.04408137937,0.00731790452354,142.674911379,0.993039842583,0.00696015741651,-0.986079685167,1.0513992839,PASS,D:\project\blue_apcd_microled_metasurface\outputs\stage10_cp_bw2_robust_narrowband_dimer_screen\_saved_fsp_refined_025\BW2_J1J2_D194_T90_PSI97_H525\BW2_J1J2_D194_T90_PSI97_H525_451p75NM_XIN.fsp;D:\project\blue_apcd_microled_metasurface\outputs\stage10_cp_bw2_robust_narrowband_dimer_screen\_saved_fsp_refined_025\BW2_J1J2_D194_T90_PSI97_H525\BW2_J1J2_D194_T90_PSI97_H525_451p75NM_YIN.fsp,true,B4INT baseline reference,false
BW2_J1J2_D194_T90_PSI97_H525,452.0,1.01332146131,0.00880427827538,115.094210975,0.991386306073,0.00861369392671,-0.982772612147,1.02212573958,PASS,D:\project\blue_apcd_microled_metasurface\outputs\stage10_cp_bw2_robust_narrowband_dimer_screen\_saved_fsp_dense_lite\BW2_J1J2_D194_T90_PSI97_H525\BW2_J1J2_D194_T90_PSI97_H525_452NM_XIN.fsp;D:\project\blue_apcd_microled_metasurface\outputs\stage10_cp_bw2_robust_narrowband_dimer_screen\_saved_fsp_dense_lite\BW2_J1J2_D194_T90_PSI97_H525\BW2_J1J2_D194_T90_PSI97_H525_452NM_YIN.fsp,true,B4INT baseline reference,true
BW2_J1J2_D194_T90_PSI97_H525,452.25,0.971987632932,0.0104343051216,93.1530774312,0.989378998252,0.0106210017482,-0.978757996504,0.982421938053,PASS,D:\project\blue_apcd_microled_metasurface\outputs\stage10_cp_bw2_robust_narrowband_dimer_screen\_saved_fsp_refined_025\BW2_J1J2_D194_T90_PSI97_H525\BW2_J1J2_D194_T90_PSI97_H525_452p25NM_XIN.fsp;D:\project\blue_apcd_microled_metasurface\outputs\stage10_cp_bw2_robust_narrowband_dimer_screen\_saved_fsp_refined_025\BW2_J1J2_D194_T90_PSI97_H525\BW2_J1J2_D194_T90_PSI97_H525_452p25NM_YIN.fsp,true,B4INT baseline reference,false
BW2_J1J2_D194_T90_PSI97_H525,452.5,0.936534968335,0.0118383493508,79.1102661853,0.987517205377,0.0124827946232,-0.975034410754,0.948373317686,PASS,D:\project\blue_apcd_microled_metasurface\outputs\stage10_cp_bw2_robust_narrowband_dimer_screen\_saved_fsp_dense_lite\BW2_J1J2_D194_T90_PSI97_H525\BW2_J1J2_D194_T90_PSI97_H525_452p5NM_XIN.fsp;D:\project\blue_apcd_microled_metasurface\outputs\stage10_cp_bw2_robust_narrowband_dimer_screen\_saved_fsp_dense_lite\BW2_J1J2_D194_T90_PSI97_H525\BW2_J1J2_D194_T90_PSI97_H525_452p5NM_YIN.fsp,true,B4INT baseline reference,true
BW2_J1J2_D194_T90_PSI97_H525,452.75,0.919691656366,0.0126049993574,72.9624516662,0.986479626115,0.0135203738853,-0.972959252229,0.932296655723,PASS,D:\project\blue_apcd_microled_metasurface\outputs\stage10_cp_bw2_robust_narrowband_dimer_screen\_saved_fsp_refined_025\BW2_J1J2_D194_T90_PSI97_H525\BW2_J1J2_D194_T90_PSI97_H525_452p75NM_XIN.fsp;D:\project\blue_apcd_microled_metasurface\outputs\stage10_cp_bw2_robust_narrowband_dimer_screen\_saved_fsp_refined_025\BW2_J1J2_D194_T90_PSI97_H525\BW2_J1J2_D194_T90_PSI97_H525_452p75NM_YIN.fsp,true,B4INT baseline reference,false
BW2_J1J2_D194_T90_PSI97_H525,453.0,0.925963984022,0.0124135309697,74.5931182904,0.98677128259,0.0132287174099,-0.97354256518,0.938377514991,PASS,D:\project\blue_apcd_microled_metasurface\outputs\stage10_cp_bw2_robust_narrowband_dimer_screen\_saved_fsp_dense_lite\BW2_J1J2_D194_T90_PSI97_H525\BW2_J1J2_D194_T90_PSI97_H525_453NM_XIN.fsp;D:\project\blue_apcd_microled_metasurface\outputs\stage10_cp_bw2_robust_narrowband_dimer_screen\_saved_fsp_dense_lite\BW2_J1J2_D194_T90_PSI97_H525\BW2_J1J2_D194_T90_PSI97_H525_453NM_YIN.fsp,true,B4INT baseline reference,true
BW2_J1J2_D194_T90_PSI97_H525,453.25,0.950670828748,0.0111615753808,85.1735347669,0.9883955091,0.0116044908997,-0.976791018201,0.961832404129,PASS,D:\project\blue_apcd_microled_metasurface\outputs\stage10_cp_bw2_robust_narrowband_dimer_screen\_saved_fsp_refined_025\BW2_J1J2_D194_T90_PSI97_H525\BW2_J1J2_D194_T90_PSI97_H525_453p25NM_XIN.fsp;D:\project\blue_apcd_microled_metasurface\outputs\stage10_cp_bw2_robust_narrowband_dimer_screen\_saved_fsp_refined_025\BW2_J1J2_D194_T90_PSI97_H525\BW2_J1J2_D194_T90_PSI97_H525_453p25NM_YIN.fsp,true,B4INT baseline reference,false
BW2_J1J2_D194_T90_PSI97_H525,453.5,0.982550487767,0.00904295362802,108.653712955,0.990880381767,0.00911961823315,-0.981760763534,0.991593441395,PASS,D:\project\blue_apcd_microled_metasurface\outputs\stage10_cp_bw2_robust_narrowband_dimer_screen\_saved_fsp_dense_lite\BW2_J1J2_D194_T90_PSI97_H525\BW2_J1J2_D194_T90_PSI97_H525_453p5NM_XIN.fsp;D:\project\blue_apcd_microled_metasurface\outputs\stage10_cp_bw2_robust_narrowband_dimer_screen\_saved_fsp_dense_lite\BW2_J1J2_D194_T90_PSI97_H525\BW2_J1J2_D194_T90_PSI97_H525_453p5NM_YIN.fsp,true,B4INT baseline reference,true
BW2_J1J2_D194_T90_PSI97_H525,453.75,1.00863422564,0.00654111797178,154.199057407,0.993556661898,0.00644333810208,-0.987113323796,1.01517534361,PASS,D:\project\blue_apcd_microled_metasurface\outputs\stage10_cp_bw2_robust_narrowband_dimer_screen\_saved_fsp_refined_025\BW2_J1J2_D194_T90_PSI97_H525\BW2_J1J2_D194_T90_PSI97_H525_453p75NM_XIN.fsp;D:\project\blue_apcd_microled_metasurface\outputs\stage10_cp_bw2_robust_narrowband_dimer_screen\_saved_fsp_refined_025\BW2_J1J2_D194_T90_PSI97_H525\BW2_J1J2_D194_T90_PSI97_H525_453p75NM_YIN.fsp,true,B4INT baseline reference,false
BW2_J1J2_D194_T90_PSI97_H525,454.0,1.01934278017,0.00432801534572,235.521988429,0.99577206328,0.00422793672015,-0.99154412656,1.02367079552,PASS,D:\project\blue_apcd_microled_metasurface\outputs\stage10_cp_bw2_robust_narrowband_dimer_screen\_saved_fsp_dense_lite\BW2_J1J2_D194_T90_PSI97_H525\BW2_J1J2_D194_T90_PSI97_H525_454NM_XIN.fsp;D:\project\blue_apcd_microled_metasurface\outputs\stage10_cp_bw2_robust_narrowband_dimer_screen\_saved_fsp_dense_lite\BW2_J1J2_D194_T90_PSI97_H525\BW2_J1J2_D194_T90_PSI97_H525_454NM_YIN.fsp,true,B4INT baseline reference,true
BW2_J1J2_D194_T90_PSI99_H525,447.0,0.69173003172,0.00815972236541,84.7737215487,0.988341417605,0.011658582395,-0.97668283521,0.699889754085,PASS,D:\project\blue_apcd_microled_metasurface\outputs\stage10_cp_bw2_robust_narrowband_dimer_screen\_saved_fsp_dense_lite\BW2_J1J2_D194_T90_PSI99_H525\BW2_J1J2_D194_T90_PSI99_H525_447NM_XIN.fsp;D:\project\blue_apcd_microled_metasurface\outputs\stage10_cp_bw2_robust_narrowband_dimer_screen\_saved_fsp_dense_lite\BW2_J1J2_D194_T90_PSI99_H525\BW2_J1J2_D194_T90_PSI99_H525_447NM_YIN.fsp,true,best all-band robust / simple psi +2 shift,true
BW2_J1J2_D194_T90_PSI99_H525,447.25,0.486780590173,0.00676592211632,71.9459346123,0.98629121684,0.01370878316,-0.97258243368,0.493546512289,PASS,D:\project\blue_apcd_microled_metasurface\outputs\stage10_cp_bw2_robust_narrowband_dimer_screen\_saved_fsp_refined_025\BW2_J1J2_D194_T90_PSI99_H525\BW2_J1J2_D194_T90_PSI99_H525_447p25NM_XIN.fsp;D:\project\blue_apcd_microled_metasurface\outputs\stage10_cp_bw2_robust_narrowband_dimer_screen\_saved_fsp_refined_025\BW2_J1J2_D194_T90_PSI99_H525\BW2_J1J2_D194_T90_PSI99_H525_447p25NM_YIN.fsp,true,best all-band robust / simple psi +2 shift,false
BW2_J1J2_D194_T90_PSI99_H525,447.5,0.315210450013,0.0051754085393,60.9054237205,0.983846326543,0.016153673457,-0.967692653086,0.320385858552,PASS,D:\project\blue_apcd_microled_metasurface\outputs\stage10_cp_bw2_robust_narrowband_dimer_screen\_saved_fsp_dense_lite\BW2_J1J2_D194_T90_PSI99_H525\BW2_J1J2_D194_T90_PSI99_H525_447p5NM_XIN.fsp;D:\project\blue_apcd_microled_metasurface\outputs\stage10_cp_bw2_robust_narrowband_dimer_screen\_saved_fsp_dense_lite\BW2_J1J2_D194_T90_PSI99_H525\BW2_J1J2_D194_T90_PSI99_H525_447p5NM_YIN.fsp,true,best all-band robust / simple psi +2 shift,true
BW2_J1J2_D194_T90_PSI99_H525,447.75,0.222288089176,0.00366349197953,60.6765595279,0.983786384849,0.0162136151506,-0.967572769699,0.225951581156,PASS,D:\project\blue_apcd_microled_metasurface\outputs\stage10_cp_bw2_robust_narrowband_dimer_screen\_saved_fsp_refined_025\BW2_J1J2_D194_T90_PSI99_H525\BW2_J1J2_D194_T90_PSI99_H525_447p75NM_XIN.fsp;D:\project\blue_apcd_microled_metasurface\outputs\stage10_cp_bw2_robust_narrowband_dimer_screen\_saved_fsp_refined_025\BW2_J1J2_D194_T90_PSI99_H525\BW2_J1J2_D194_T90_PSI99_H525_447p75NM_YIN.fsp,true,best all-band robust / simple psi +2 shift,false
BW2_J1J2_D194_T90_PSI99_H525,448.0,0.234690379705,0.00244324100981,96.0569910059,0.989696775166,0.0103032248335,-0.979393550333,0.237133620714,PASS,D:\project\blue_apcd_microled_metasurface\outputs\stage10_cp_bw2_robust_narrowband_dimer_screen\_saved_fsp_dense_lite\BW2_J1J2_D194_T90_PSI99_H525\BW2_J1J2_D194_T90_PSI99_H525_448NM_XIN.fsp;D:\project\blue_apcd_microled_metasurface\outputs\stage10_cp_bw2_robust_narrowband_dimer_screen\_saved_fsp_dense_lite\BW2_J1J2_D194_T90_PSI99_H525\BW2_J1J2_D194_T90_PSI99_H525_448NM_YIN.fsp,true,best all-band robust / simple psi +2 shift,true
BW2_J1J2_D194_T90_PSI99_H525,448.25,0.351767517917,0.00162830383954,216.033094915,0.995392407778,0.00460759222178,-0.990784815556,0.353395821757,PASS,D:\project\blue_apcd_microled_metasurface\outputs\stage10_cp_bw2_robust_narrowband_dimer_screen\_saved_fsp_refined_025\BW2_J1J2_D194_T90_PSI99_H525\BW2_J1J2_D194_T90_PSI99_H525_448p25NM_XIN.fsp;D:\project\blue_apcd_microled_metasurface\outputs\stage10_cp_bw2_robust_narrowband_dimer_screen\_saved_fsp_refined_025\BW2_J1J2_D194_T90_PSI99_H525\BW2_J1J2_D194_T90_PSI99_H525_448p25NM_YIN.fsp,true,best all-band robust / simple psi +2 shift,false
BW2_J1J2_D194_T90_PSI99_H525,448.5,0.545329056144,0.00122874083377,443.811291331,0.997751855631,0.00224814436929,-0.995503711261,0.546557796978,PASS,D:\project\blue_apcd_microled_metasurface\outputs\stage10_cp_bw2_robust_narrowband_dimer_screen\_saved_fsp_dense_lite\BW2_J1J2_D194_T90_PSI99_H525\BW2_J1J2_D194_T90_PSI99_H525_448p5NM_XIN.fsp;D:\project\blue_apcd_microled_metasurface\outputs\stage10_cp_bw2_robust_narrowband_dimer_screen\_saved_fsp_dense_lite\BW2_J1J2_D194_T90_PSI99_H525\BW2_J1J2_D194_T90_PSI99_H525_448p5NM_YIN.fsp,true,best all-band robust / simple psi +2 shift,true
BW2_J1J2_D194_T90_PSI99_H525,448.75,0.768104803484,0.00117412957641,654.190831161,0.998473727115,0.00152627288485,-0.99694745423,0.76927893306,PASS,D:\project\blue_apcd_microled_metasurface\outputs\stage10_cp_bw2_robust_narrowband_dimer_screen\_saved_fsp_refined_025\BW2_J1J2_D194_T90_PSI99_H525\BW2_J1J2_D194_T90_PSI99_H525_448p75NM_XIN.fsp;D:\project\blue_apcd_microled_metasurface\outputs\stage10_cp_bw2_robust_narrowband_dimer_screen\_saved_fsp_refined_025\BW2_J1J2_D194_T90_PSI99_H525\BW2_J1J2_D194_T90_PSI99_H525_448p75NM_YIN.fsp,true,best all-band robust / simple psi +2 shift,false
BW2_J1J2_D194_T90_PSI99_H525,449.0,0.968059715776,0.00135146476871,716.304071099,0.998605891085,0.0013941089146,-0.997211782171,0.969411180544,PASS,D:\project\blue_apcd_microled_metasurface\outputs\stage10_cp_bw2_robust_narrowband_dimer_screen\_saved_fsp_dense_lite\BW2_J1J2_D194_T90_PSI99_H525\BW2_J1J2_D194_T90_PSI99_H525_449NM_XIN.fsp;D:\project\blue_apcd_microled_metasurface\outputs\stage10_cp_bw2_robust_narrowband_dimer_screen\_saved_fsp_dense_lite\BW2_J1J2_D194_T90_PSI99_H525\BW2_J1J2_D194_T90_PSI99_H525_449NM_YIN.fsp,true,best all-band robust / simple psi +2 shift,true
BW2_J1J2_D194_T90_PSI99_H525,449.25,1.12637113177,0.00216471169625,520.333092724,0.998081840547,0.00191815945306,-0.996163681094,1.12853584346,PASS,D:\project\blue_apcd_microled_metasurface\outputs\stage10_cp_bw2_robust_narrowband_dimer_screen\_saved_fsp_refined_025\BW2_J1J2_D194_T90_PSI99_H525\BW2_J1J2_D194_T90_PSI99_H525_449p25NM_XIN.fsp;D:\project\blue_apcd_microled_metasurface\outputs\stage10_cp_bw2_robust_narrowband_dimer_screen\_saved_fsp_refined_025\BW2_J1J2_D194_T90_PSI99_H525\BW2_J1J2_D194_T90_PSI99_H525_449p25NM_YIN.fsp,true,best all-band robust / simple psi +2 shift,false
BW2_J1J2_D194_T90_PSI99_H525,449.5,1.10967539636,0.00262901599114,422.087731723,0.99763642402,0.00236357597969,-0.995272848041,1.11230441236,PASS,D:\project\blue_apcd_microled_metasurface\outputs\stage10_cp_bw2_robust_narrowband_dimer_screen\_saved_fsp_dense_lite\BW2_J1J2_D194_T90_PSI99_H525\BW2_J1J2_D194_T90_PSI99_H525_449p5NM_XIN.fsp;D:\project\blue_apcd_microled_metasurface\outputs\stage10_cp_bw2_robust_narrowband_dimer_screen\_saved_fsp_dense_lite\BW2_J1J2_D194_T90_PSI99_H525\BW2_J1J2_D194_T90_PSI99_H525_449p5NM_YIN.fsp,true,best all-band robust / simple psi +2 shift,true
BW2_J1J2_D194_T90_PSI99_H525,449.75,1.02837836528,0.00269455143684,381.651042628,0.997386652881,0.00261334711943,-0.994773305761,1.03107291672,PASS,D:\project\blue_apcd_microled_metasurface\outputs\stage10_cp_bw2_robust_narrowband_dimer_screen\_saved_fsp_refined_025\BW2_J1J2_D194_T90_PSI99_H525\BW2_J1J2_D194_T90_PSI99_H525_449p75NM_XIN.fsp;D:\project\blue_apcd_microled_metasurface\outputs\stage10_cp_bw2_robust_narrowband_dimer_screen\_saved_fsp_refined_025\BW2_J1J2_D194_T90_PSI99_H525\BW2_J1J2_D194_T90_PSI99_H525_449p75NM_YIN.fsp,true,best all-band robust / simple psi +2 shift,false
BW2_J1J2_D194_T90_PSI99_H525,450.0,0.946624733934,0.002743775519,345.008083708,0.997109894112,0.00289010588794,-0.994219788224,0.949368509453,PASS,D:\project\blue_apcd_microled_metasurface\outputs\stage10_cp_bw2_robust_narrowband_dimer_screen\_saved_fsp_dense_lite\BW2_J1J2_D194_T90_PSI99_H525\BW2_J1J2_D194_T90_PSI99_H525_450NM_XIN.fsp;D:\project\blue_apcd_microled_metasurface\outputs\stage10_cp_bw2_robust_narrowband_dimer_screen\_saved_fsp_dense_lite\BW2_J1J2_D194_T90_PSI99_H525\BW2_J1J2_D194_T90_PSI99_H525_450NM_YIN.fsp,true,best all-band robust / simple psi +2 shift,true
BW2_J1J2_D194_T90_PSI99_H525,450.25,0.894629151423,0.00286824649774,311.908042816,0.99680417291,0.00319582709029,-0.993608345819,0.89749739792,PASS,D:\project\blue_apcd_microled_metasurface\outputs\stage10_cp_bw2_robust_narrowband_dimer_screen\_saved_fsp_refined_025\BW2_J1J2_D194_T90_PSI99_H525\BW2_J1J2_D194_T90_PSI99_H525_450p25NM_XIN.fsp;D:\project\blue_apcd_microled_metasurface\outputs\stage10_cp_bw2_robust_narrowband_dimer_screen\_saved_fsp_refined_025\BW2_J1J2_D194_T90_PSI99_H525\BW2_J1J2_D194_T90_PSI99_H525_450p25NM_YIN.fsp,true,best all-band robust / simple psi +2 shift,false
BW2_J1J2_D194_T90_PSI99_H525,450.5,0.886994052451,0.0031541164338,281.217916671,0.996456638856,0.00354336114374,-0.992913277713,0.890148168884,PASS,D:\project\blue_apcd_microled_metasurface\outputs\stage10_cp_bw2_robust_narrowband_dimer_screen\_saved_fsp_dense_lite\BW2_J1J2_D194_T90_PSI99_H525\BW2_J1J2_D194_T90_PSI99_H525_450p5NM_XIN.fsp;D:\project\blue_apcd_microled_metasurface\outputs\stage10_cp_bw2_robust_narrowband_dimer_screen\_saved_fsp_dense_lite\BW2_J1J2_D194_T90_PSI99_H525\BW2_J1J2_D194_T90_PSI99_H525_450p5NM_YIN.fsp,true,best all-band robust / simple psi +2 shift,true
BW2_J1J2_D194_T90_PSI99_H525,450.75,0.919929416147,0.00366060119092,251.305555609,0.996036551801,0.00396344819909,-0.992073103602,0.923590017338,PASS,D:\project\blue_apcd_microled_metasurface\outputs\stage10_cp_bw2_robust_narrowband_dimer_screen\_saved_fsp_refined_025\BW2_J1J2_D194_T90_PSI99_H525\BW2_J1J2_D194_T90_PSI99_H525_450p75NM_XIN.fsp;D:\project\blue_apcd_microled_metasurface\outputs\stage10_cp_bw2_robust_narrowband_dimer_screen\_saved_fsp_refined_025\BW2_J1J2_D194_T90_PSI99_H525\BW2_J1J2_D194_T90_PSI99_H525_450p75NM_YIN.fsp,true,best all-band robust / simple psi +2 shift,false
BW2_J1J2_D194_T90_PSI99_H525,451.0,0.975074341254,0.00440065795253,221.574671736,0.995507125801,0.00449287419903,-0.991014251602,0.979474999207,PASS,D:\project\blue_apcd_microled_metasurface\outputs\stage10_cp_bw2_robust_narrowband_dimer_screen\_saved_fsp_dense_lite\BW2_J1J2_D194_T90_PSI99_H525\BW2_J1J2_D194_T90_PSI99_H525_451NM_XIN.fsp;D:\project\blue_apcd_microled_metasurface\outputs\stage10_cp_bw2_robust_narrowband_dimer_screen\_saved_fsp_dense_lite\BW2_J1J2_D194_T90_PSI99_H525\BW2_J1J2_D194_T90_PSI99_H525_451NM_YIN.fsp,true,best all-band robust / simple psi +2 shift,true
BW2_J1J2_D194_T90_PSI99_H525,451.25,1.02799366386,0.00532715658835,192.972300854,0.994844624745,0.00515537525511,-0.98968924949,1.03332082045,PASS,D:\project\blue_apcd_microled_metasurface\outputs\stage10_cp_bw2_robust_narrowband_dimer_screen\_saved_fsp_refined_025\BW2_J1J2_D194_T90_PSI99_H525\BW2_J1J2_D194_T90_PSI99_H525_451p25NM_XIN.fsp;D:\project\blue_apcd_microled_metasurface\outputs\stage10_cp_bw2_robust_narrowband_dimer_screen\_saved_fsp_refined_025\BW2_J1J2_D194_T90_PSI99_H525\BW2_J1J2_D194_T90_PSI99_H525_451p25NM_YIN.fsp,true,best all-band robust / simple psi +2 shift,false
BW2_J1J2_D194_T90_PSI99_H525,451.5,1.05792003833,0.00632949971541,167.14117796,0.994052616901,0.00594738309873,-0.988105233803,1.06424953805,PASS,D:\project\blue_apcd_microled_metasurface\outputs\stage10_cp_bw2_robust_narrowband_dimer_screen\_saved_fsp_dense_lite\BW2_J1J2_D194_T90_PSI99_H525\BW2_J1J2_D194_T90_PSI99_H525_451p5NM_XIN.fsp;D:\project\blue_apcd_microled_metasurface\outputs\stage10_cp_bw2_robust_narrowband_dimer_screen\_saved_fsp_dense_lite\BW2_J1J2_D194_T90_PSI99_H525\BW2_J1J2_D194_T90_PSI99_H525_451p5NM_YIN.fsp,true,best all-band robust / simple psi +2 shift,true
BW2_J1J2_D194_T90_PSI99_H525,451.75,1.05514240625,0.00724556470182,145.625972533,0.993179925884,0.00682007411595,-0.986359851768,1.06238797096,PASS,D:\project\blue_apcd_microled_metasurface\outputs\stage10_cp_bw2_robust_narrowband_dimer_screen\_saved_fsp_refined_025\BW2_J1J2_D194_T90_PSI99_H525\BW2_J1J2_D194_T90_PSI99_H525_451p75NM_XIN.fsp;D:\project\blue_apcd_microled_metasurface\outputs\stage10_cp_bw2_robust_narrowband_dimer_screen\_saved_fsp_refined_025\BW2_J1J2_D194_T90_PSI99_H525\BW2_J1J2_D194_T90_PSI99_H525_451p75NM_YIN.fsp,true,best all-band robust / simple psi +2 shift,false
BW2_J1J2_D194_T90_PSI99_H525,452.0,1.02357605329,0.00789084557945,129.716903339,0.992349879974,0.00765012002622,-0.984699759948,1.03146689887,PASS,D:\project\blue_apcd_microled_metasurface\outputs\stage10_cp_bw2_robust_narrowband_dimer_screen\_saved_fsp_dense_lite\BW2_J1J2_D194_T90_PSI99_H525\BW2_J1J2_D194_T90_PSI99_H525_452NM_XIN.fsp;D:\project\blue_apcd_microled_metasurface\outputs\stage10_cp_bw2_robust_narrowband_dimer_screen\_saved_fsp_dense_lite\BW2_J1J2_D194_T90_PSI99_H525\BW2_J1J2_D194_T90_PSI99_H525_452NM_YIN.fsp,true,best all-band robust / simple psi +2 shift,true
BW2_J1J2_D194_T90_PSI99_H525,452.25,0.977997226742,0.00810178945663,120.713730217,0.991784000061,0.00821599993869,-0.983568000123,0.986099016198,PASS,D:\project\blue_apcd_microled_metasurface\outputs\stage10_cp_bw2_robust_narrowband_dimer_screen\_saved_fsp_refined_025\BW2_J1J2_D194_T90_PSI99_H525\BW2_J1J2_D194_T90_PSI99_H525_452p25NM_XIN.fsp;D:\project\blue_apcd_microled_metasurface\outputs\stage10_cp_bw2_robust_narrowband_dimer_screen\_saved_fsp_refined_025\BW2_J1J2_D194_T90_PSI99_H525\BW2_J1J2_D194_T90_PSI99_H525_452p25NM_YIN.fsp,true,best all-band robust / simple psi +2 shift,false
BW2_J1J2_D194_T90_PSI99_H525,452.5,0.937422878551,0.00778411580862,120.427663411,0.9917646443,0.00823535569994,-0.9835292886,0.945206994359,PASS,D:\project\blue_apcd_microled_metasurface\outputs\stage10_cp_bw2_robust_narrowband_dimer_screen\_saved_fsp_dense_lite\BW2_J1J2_D194_T90_PSI99_H525\BW2_J1J2_D194_T90_PSI99_H525_452p5NM_XIN.fsp;D:\project\blue_apcd_microled_metasurface\outputs\stage10_cp_bw2_robust_narrowband_dimer_screen\_saved_fsp_dense_lite\BW2_J1J2_D194_T90_PSI99_H525\BW2_J1J2_D194_T90_PSI99_H525_452p5NM_YIN.fsp,true,best all-band robust / simple psi +2 shift,true
BW2_J1J2_D194_T90_PSI99_H525,452.75,0.917429317794,0.00695307168926,131.9459023,0.992478143495,0.00752185650481,-0.98495628699,0.924382389483,PASS,D:\project\blue_apcd_microled_metasurface\outputs\stage10_cp_bw2_robust_narrowband_dimer_screen\_saved_fsp_refined_025\BW2_J1J2_D194_T90_PSI99_H525\BW2_J1J2_D194_T90_PSI99_H525_452p75NM_XIN.fsp;D:\project\blue_apcd_microled_metasurface\outputs\stage10_cp_bw2_robust_narrowband_dimer_screen\_saved_fsp_refined_025\BW2_J1J2_D194_T90_PSI99_H525\BW2_J1J2_D194_T90_PSI99_H525_452p75NM_YIN.fsp,true,best all-band robust / simple psi +2 shift,false
BW2_J1J2_D194_T90_PSI99_H525,453.0,0.924385611997,0.00575222779129,160.700453031,0.993815725428,0.00618427457225,-0.987631450856,0.930137839788,PASS,D:\project\blue_apcd_microled_metasurface\outputs\stage10_cp_bw2_robust_narrowband_dimer_screen\_saved_fsp_dense_lite\BW2_J1J2_D194_T90_PSI99_H525\BW2_J1J2_D194_T90_PSI99_H525_453NM_XIN.fsp;D:\project\blue_apcd_microled_metasurface\outputs\stage10_cp_bw2_robust_narrowband_dimer_screen\_saved_fsp_dense_lite\BW2_J1J2_D194_T90_PSI99_H525\BW2_J1J2_D194_T90_PSI99_H525_453NM_YIN.fsp,true,best all-band robust / simple psi +2 shift,true
BW2_J1J2_D194_T90_PSI99_H525,453.25,0.953645688026,0.00444161047255,214.707186486,0.995364085841,0.00463591415887,-0.990728171682,0.958087298498,PASS,D:\project\blue_apcd_microled_metasurface\outputs\stage10_cp_bw2_robust_narrowband_dimer_screen\_saved_fsp_refined_025\BW2_J1J2_D194_T90_PSI99_H525\BW2_J1J2_D194_T90_PSI99_H525_453p25NM_XIN.fsp;D:\project\blue_apcd_microled_metasurface\outputs\stage10_cp_bw2_robust_narrowband_dimer_screen\_saved_fsp_refined_025\BW2_J1J2_D194_T90_PSI99_H525\BW2_J1J2_D194_T90_PSI99_H525_453p25NM_YIN.fsp,true,best all-band robust / simple psi +2 shift,false
BW2_J1J2_D194_T90_PSI99_H525,453.5,0.99210339969,0.00335383539421,295.811595704,0.996630859392,0.00336914060796,-0.993261718784,0.995457235084,PASS,D:\project\blue_apcd_microled_metasurface\outputs\stage10_cp_bw2_robust_narrowband_dimer_screen\_saved_fsp_dense_lite\BW2_J1J2_D194_T90_PSI99_H525\BW2_J1J2_D194_T90_PSI99_H525_453p5NM_XIN.fsp;D:\project\blue_apcd_microled_metasurface\outputs\stage10_cp_bw2_robust_narrowband_dimer_screen\_saved_fsp_dense_lite\BW2_J1J2_D194_T90_PSI99_H525\BW2_J1J2_D194_T90_PSI99_H525_453p5NM_YIN.fsp,true,best all-band robust / simple psi +2 shift,true
BW2_J1J2_D194_T90_PSI99_H525,453.75,1.02383482664,0.00282634803908,362.246550136,0.997247048872,0.00275295112817,-0.994494097744,1.02666117468,PASS,D:\project\blue_apcd_microled_metasurface\outputs\stage10_cp_bw2_robust_narrowband_dimer_screen\_saved_fsp_refined_025\BW2_J1J2_D194_T90_PSI99_H525\BW2_J1J2_D194_T90_PSI99_H525_453p75NM_XIN.fsp;D:\project\blue_apcd_microled_metasurface\outputs\stage10_cp_bw2_robust_narrowband_dimer_screen\_saved_fsp_refined_025\BW2_J1J2_D194_T90_PSI99_H525\BW2_J1J2_D194_T90_PSI99_H525_453p75NM_YIN.fsp,true,best all-band robust / simple psi +2 shift,false
BW2_J1J2_D194_T90_PSI99_H525,454.0,1.03646109426,0.00312533710616,331.631775726,0.996993672665,0.00300632733543,-0.993987345329,1.03958643136,PASS,D:\project\blue_apcd_microled_metasurface\outputs\stage10_cp_bw2_robust_narrowband_dimer_screen\_saved_fsp_dense_lite\BW2_J1J2_D194_T90_PSI99_H525\BW2_J1J2_D194_T90_PSI99_H525_454NM_XIN.fsp;D:\project\blue_apcd_microled_metasurface\outputs\stage10_cp_bw2_robust_narrowband_dimer_screen\_saved_fsp_dense_lite\BW2_J1J2_D194_T90_PSI99_H525\BW2_J1J2_D194_T90_PSI99_H525_454NM_YIN.fsp,true,best all-band robust / simple psi +2 shift,true
BW2_J1J2_D196_T90_PSI98_H525,447.0,0.83346843376,0.0167381385294,49.7945713793,0.98031285681,0.0196871431896,-0.960625713621,0.85020657229,PASS,D:\project\blue_apcd_microled_metasurface\outputs\stage10_cp_bw2_robust_narrowband_dimer_screen\_saved_fsp_dense_lite\BW2_J1J2_D196_T90_PSI98_H525\BW2_J1J2_D196_T90_PSI98_H525_447NM_XIN.fsp;D:\project\blue_apcd_microled_metasurface\outputs\stage10_cp_bw2_robust_narrowband_dimer_screen\_saved_fsp_dense_lite\BW2_J1J2_D196_T90_PSI98_H525\BW2_J1J2_D196_T90_PSI98_H525_447NM_YIN.fsp,true,best red-shifted / RCLED-weighted candidate,true
BW2_J1J2_D196_T90_PSI98_H525,447.25,0.642018297598,0.0165925036711,38.6932744041,0.974806815134,0.025193184866,-0.949613630268,0.658610801269,PASS,D:\project\blue_apcd_microled_metasurface\outputs\stage10_cp_bw2_robust_narrowband_dimer_screen\_saved_fsp_refined_025\BW2_J1J2_D196_T90_PSI98_H525\BW2_J1J2_D196_T90_PSI98_H525_447p25NM_XIN.fsp;D:\project\blue_apcd_microled_metasurface\outputs\stage10_cp_bw2_robust_narrowband_dimer_screen\_saved_fsp_refined_025\BW2_J1J2_D196_T90_PSI98_H525\BW2_J1J2_D196_T90_PSI98_H525_447p25NM_YIN.fsp,true,best red-shifted / RCLED-weighted candidate,false
BW2_J1J2_D196_T90_PSI98_H525,447.5,0.454611947474,0.0154801450702,29.3674216496,0.967069973489,0.0329300265113,-0.934139946977,0.470092092544,PASS,D:\project\blue_apcd_microled_metasurface\outputs\stage10_cp_bw2_robust_narrowband_dimer_screen\_saved_fsp_dense_lite\BW2_J1J2_D196_T90_PSI98_H525\BW2_J1J2_D196_T90_PSI98_H525_447p5NM_XIN.fsp;D:\project\blue_apcd_microled_metasurface\outputs\stage10_cp_bw2_robust_narrowband_dimer_screen\_saved_fsp_dense_lite\BW2_J1J2_D196_T90_PSI98_H525\BW2_J1J2_D196_T90_PSI98_H525_447p5NM_YIN.fsp,true,best red-shifted / RCLED-weighted candidate,true
BW2_J1J2_D196_T90_PSI98_H525,447.75,0.319533916174,0.0135156824208,23.6417153219,0.959418409517,0.0405815904833,-0.918836819033,0.333049598594,PASS,D:\project\blue_apcd_microled_metasurface\outputs\stage10_cp_bw2_robust_narrowband_dimer_screen\_saved_fsp_refined_025\BW2_J1J2_D196_T90_PSI98_H525\BW2_J1J2_D196_T90_PSI98_H525_447p75NM_XIN.fsp;D:\project\blue_apcd_microled_metasurface\outputs\stage10_cp_bw2_robust_narrowband_dimer_screen\_saved_fsp_refined_025\BW2_J1J2_D196_T90_PSI98_H525\BW2_J1J2_D196_T90_PSI98_H525_447p75NM_YIN.fsp,true,best red-shifted / RCLED-weighted candidate,false
BW2_J1J2_D196_T90_PSI98_H525,448.0,0.273781749569,0.0109600379108,24.9800002334,0.96150885331,0.0384911466904,-0.923017706619,0.28474178748,PASS,D:\project\blue_apcd_microled_metasurface\outputs\stage10_cp_bw2_robust_narrowband_dimer_screen\_saved_fsp_dense_lite\BW2_J1J2_D196_T90_PSI98_H525\BW2_J1J2_D196_T90_PSI98_H525_448NM_XIN.fsp;D:\project\blue_apcd_microled_metasurface\outputs\stage10_cp_bw2_robust_narrowband_dimer_screen\_saved_fsp_dense_lite\BW2_J1J2_D196_T90_PSI98_H525\BW2_J1J2_D196_T90_PSI98_H525_448NM_YIN.fsp,true,best red-shifted / RCLED-weighted candidate,true
BW2_J1J2_D196_T90_PSI98_H525,448.25,0.331235963597,0.00816847365956,40.5505333557,0.975932920248,0.0240670797518,-0.951865840496,0.339404437257,PASS,D:\project\blue_apcd_microled_metasurface\outputs\stage10_cp_bw2_robust_narrowband_dimer_screen\_saved_fsp_refined_025\BW2_J1J2_D196_T90_PSI98_H525\BW2_J1J2_D196_T90_PSI98_H525_448p25NM_XIN.fsp;D:\project\blue_apcd_microled_metasurface\outputs\stage10_cp_bw2_robust_narrowband_dimer_screen\_saved_fsp_refined_025\BW2_J1J2_D196_T90_PSI98_H525\BW2_J1J2_D196_T90_PSI98_H525_448p25NM_YIN.fsp,true,best red-shifted / RCLED-weighted candidate,false
BW2_J1J2_D196_T90_PSI98_H525,448.5,0.478095363528,0.00551836209048,86.6371861232,0.98858931871,0.01141068129,-0.97717863742,0.483613725618,PASS,D:\project\blue_apcd_microled_metasurface\outputs\stage10_cp_bw2_robust_narrowband_dimer_screen\_saved_fsp_dense_lite\BW2_J1J2_D196_T90_PSI98_H525\BW2_J1J2_D196_T90_PSI98_H525_448p5NM_XIN.fsp;D:\project\blue_apcd_microled_metasurface\outputs\stage10_cp_bw2_robust_narrowband_dimer_screen\_saved_fsp_dense_lite\BW2_J1J2_D196_T90_PSI98_H525\BW2_J1J2_D196_T90_PSI98_H525_448p5NM_YIN.fsp,true,best red-shifted / RCLED-weighted candidate,true
BW2_J1J2_D196_T90_PSI98_H525,448.75,0.677152638843,0.00333536151218,203.022262015,0.995098574096,0.00490142590383,-0.990197148192,0.680488000355,PASS,D:\project\blue_apcd_microled_metasurface\outputs\stage10_cp_bw2_robust_narrowband_dimer_screen\_saved_fsp_refined_025\BW2_J1J2_D196_T90_PSI98_H525\BW2_J1J2_D196_T90_PSI98_H525_448p75NM_XIN.fsp;D:\project\blue_apcd_microled_metasurface\outputs\stage10_cp_bw2_robust_narrowband_dimer_screen\_saved_fsp_refined_025\BW2_J1J2_D196_T90_PSI98_H525\BW2_J1J2_D196_T90_PSI98_H525_448p75NM_YIN.fsp,true,best red-shifted / RCLED-weighted candidate,false
BW2_J1J2_D196_T90_PSI98_H525,449.0,0.87941770415,0.00183602367875,478.97950028,0.997916577688,0.00208342231161,-0.995833155377,0.881253727829,PASS,D:\project\blue_apcd_microled_metasurface\outputs\stage10_cp_bw2_robust_narrowband_dimer_screen\_saved_fsp_dense_lite\BW2_J1J2_D196_T90_PSI98_H525\BW2_J1J2_D196_T90_PSI98_H525_449NM_XIN.fsp;D:\project\blue_apcd_microled_metasurface\outputs\stage10_cp_bw2_robust_narrowband_dimer_screen\_saved_fsp_dense_lite\BW2_J1J2_D196_T90_PSI98_H525\BW2_J1J2_D196_T90_PSI98_H525_449NM_YIN.fsp,true,best red-shifted / RCLED-weighted candidate,true
BW2_J1J2_D196_T90_PSI98_H525,449.25,1.1463703659,0.0013256063517,864.789433476,0.998844984749,0.00115501525121,-0.997689969498,1.14769597225,PASS,D:\project\blue_apcd_microled_metasurface\outputs\stage10_cp_bw2_robust_narrowband_dimer_screen\_saved_fsp_refined_025\BW2_J1J2_D196_T90_PSI98_H525\BW2_J1J2_D196_T90_PSI98_H525_449p25NM_XIN.fsp;D:\project\blue_apcd_microled_metasurface\outputs\stage10_cp_bw2_robust_narrowband_dimer_screen\_saved_fsp_refined_025\BW2_J1J2_D196_T90_PSI98_H525\BW2_J1J2_D196_T90_PSI98_H525_449p25NM_YIN.fsp,true,best red-shifted / RCLED-weighted candidate,false
BW2_J1J2_D196_T90_PSI98_H525,449.5,1.09083920972,0.0023313729967,467.895618275,0.997867329186,0.0021326708142,-0.995734658372,1.09317058272,PASS,D:\project\blue_apcd_microled_metasurface\outputs\stage10_cp_bw2_robust_narrowband_dimer_screen\_saved_fsp_dense_lite\BW2_J1J2_D196_T90_PSI98_H525\BW2_J1J2_D196_T90_PSI98_H525_449p5NM_XIN.fsp;D:\project\blue_apcd_microled_metasurface\outputs\stage10_cp_bw2_robust_narrowband_dimer_screen\_saved_fsp_dense_lite\BW2_J1J2_D196_T90_PSI98_H525\BW2_J1J2_D196_T90_PSI98_H525_449p5NM_YIN.fsp,true,best red-shifted / RCLED-weighted candidate,true
BW2_J1J2_D196_T90_PSI98_H525,449.75,1.00928308247,0.00297319598743,339.460663452,0.997062803115,0.00293719688454,-0.994125606231,1.01225627845,PASS,D:\project\blue_apcd_microled_metasurface\outputs\stage10_cp_bw2_robust_narrowband_dimer_screen\_saved_fsp_refined_025\BW2_J1J2_D196_T90_PSI98_H525\BW2_J1J2_D196_T90_PSI98_H525_449p75NM_XIN.fsp;D:\project\blue_apcd_microled_metasurface\outputs\stage10_cp_bw2_robust_narrowband_dimer_screen\_saved_fsp_refined_025\BW2_J1J2_D196_T90_PSI98_H525\BW2_J1J2_D196_T90_PSI98_H525_449p75NM_YIN.fsp,true,best red-shifted / RCLED-weighted candidate,false
BW2_J1J2_D196_T90_PSI98_H525,450.0,0.934801697865,0.0035669147582,262.075704421,0.996198812801,0.00380118719895,-0.992397625602,0.938368612623,PASS,D:\project\blue_apcd_microled_metasurface\outputs\stage10_cp_bw2_robust_narrowband_dimer_screen\_saved_fsp_dense_lite\BW2_J1J2_D196_T90_PSI98_H525\BW2_J1J2_D196_T90_PSI98_H525_450NM_XIN.fsp;D:\project\blue_apcd_microled_metasurface\outputs\stage10_cp_bw2_robust_narrowband_dimer_screen\_saved_fsp_dense_lite\BW2_J1J2_D196_T90_PSI98_H525\BW2_J1J2_D196_T90_PSI98_H525_450NM_YIN.fsp,true,best red-shifted / RCLED-weighted candidate,true
BW2_J1J2_D196_T90_PSI98_H525,450.25,0.894026661125,0.00407071745382,219.62385532,0.99546739858,0.00453260142042,-0.990934797159,0.898097378578,PASS,D:\project\blue_apcd_microled_metasurface\outputs\stage10_cp_bw2_robust_narrowband_dimer_screen\_saved_fsp_refined_025\BW2_J1J2_D196_T90_PSI98_H525\BW2_J1J2_D196_T90_PSI98_H525_450p25NM_XIN.fsp;D:\project\blue_apcd_microled_metasurface\outputs\stage10_cp_bw2_robust_narrowband_dimer_screen\_saved_fsp_refined_025\BW2_J1J2_D196_T90_PSI98_H525\BW2_J1J2_D196_T90_PSI98_H525_450p25NM_YIN.fsp,true,best red-shifted / RCLED-weighted candidate,false
BW2_J1J2_D196_T90_PSI98_H525,450.5,0.897120838368,0.00448282721297,200.123894084,0.995027940342,0.00497205965781,-0.990055880684,0.901603665581,PASS,D:\project\blue_apcd_microled_metasurface\outputs\stage10_cp_bw2_robust_narrowband_dimer_screen\_saved_fsp_dense_lite\BW2_J1J2_D196_T90_PSI98_H525\BW2_J1J2_D196_T90_PSI98_H525_450p5NM_XIN.fsp;D:\project\blue_apcd_microled_metasurface\outputs\stage10_cp_bw2_robust_narrowband_dimer_screen\_saved_fsp_dense_lite\BW2_J1J2_D196_T90_PSI98_H525\BW2_J1J2_D196_T90_PSI98_H525_450p5NM_YIN.fsp,true,best red-shifted / RCLED-weighted candidate,true
BW2_J1J2_D196_T90_PSI98_H525,450.75,0.936458775514,0.00483247084947,193.784671379,0.994866125795,0.00513387420539,-0.989732251589,0.941291246364,PASS,D:\project\blue_apcd_microled_metasurface\outputs\stage10_cp_bw2_robust_narrowband_dimer_screen\_saved_fsp_refined_025\BW2_J1J2_D196_T90_PSI98_H525\BW2_J1J2_D196_T90_PSI98_H525_450p75NM_XIN.fsp;D:\project\blue_apcd_microled_metasurface\outputs\stage10_cp_bw2_robust_narrowband_dimer_screen\_saved_fsp_refined_025\BW2_J1J2_D196_T90_PSI98_H525\BW2_J1J2_D196_T90_PSI98_H525_450p75NM_YIN.fsp,true,best red-shifted / RCLED-weighted candidate,false
BW2_J1J2_D196_T90_PSI98_H525,451.0,0.991665472144,0.0051654682094,191.979784202,0.994818110072,0.00518188992766,-0.989636220145,0.996830940353,PASS,D:\project\blue_apcd_microled_metasurface\outputs\stage10_cp_bw2_robust_narrowband_dimer_screen\_saved_fsp_dense_lite\BW2_J1J2_D196_T90_PSI98_H525\BW2_J1J2_D196_T90_PSI98_H525_451NM_XIN.fsp;D:\project\blue_apcd_microled_metasurface\outputs\stage10_cp_bw2_robust_narrowband_dimer_screen\_saved_fsp_dense_lite\BW2_J1J2_D196_T90_PSI98_H525\BW2_J1J2_D196_T90_PSI98_H525_451NM_YIN.fsp,true,best red-shifted / RCLED-weighted candidate,true
BW2_J1J2_D196_T90_PSI98_H525,451.25,1.03866948232,0.00552610294738,187.956954877,0.994707789398,0.00529221060242,-0.989415578795,1.04419558527,PASS,D:\project\blue_apcd_microled_metasurface\outputs\stage10_cp_bw2_robust_narrowband_dimer_screen\_saved_fsp_refined_025\BW2_J1J2_D196_T90_PSI98_H525\BW2_J1J2_D196_T90_PSI98_H525_451p25NM_XIN.fsp;D:\project\blue_apcd_microled_metasurface\outputs\stage10_cp_bw2_robust_narrowband_dimer_screen\_saved_fsp_refined_025\BW2_J1J2_D196_T90_PSI98_H525\BW2_J1J2_D196_T90_PSI98_H525_451p25NM_YIN.fsp,true,best red-shifted / RCLED-weighted candidate,false
BW2_J1J2_D196_T90_PSI98_H525,451.5,1.05916184277,0.00593771366263,178.378733457,0.99442520314,0.00557479685984,-0.98885040628,1.06509955643,PASS,D:\project\blue_apcd_microled_metasurface\outputs\stage10_cp_bw2_robust_narrowband_dimer_screen\_saved_fsp_dense_lite\BW2_J1J2_D196_T90_PSI98_H525\BW2_J1J2_D196_T90_PSI98_H525_451p5NM_XIN.fsp;D:\project\blue_apcd_microled_metasurface\outputs\stage10_cp_bw2_robust_narrowband_dimer_screen\_saved_fsp_dense_lite\BW2_J1J2_D196_T90_PSI98_H525\BW2_J1J2_D196_T90_PSI98_H525_451p5NM_YIN.fsp,true,best red-shifted / RCLED-weighted candidate,true
BW2_J1J2_D196_T90_PSI98_H525,451.75,1.04698592953,0.00638597591246,163.950810946,0.99393758664,0.00606241335988,-0.98787517328,1.05337190544,PASS,D:\project\blue_apcd_microled_metasurface\outputs\stage10_cp_bw2_robust_narrowband_dimer_screen\_saved_fsp_refined_025\BW2_J1J2_D196_T90_PSI98_H525\BW2_J1J2_D196_T90_PSI98_H525_451p75NM_XIN.fsp;D:\project\blue_apcd_microled_metasurface\outputs\stage10_cp_bw2_robust_narrowband_dimer_screen\_saved_fsp_refined_025\BW2_J1J2_D196_T90_PSI98_H525\BW2_J1J2_D196_T90_PSI98_H525_451p75NM_YIN.fsp,true,best red-shifted / RCLED-weighted candidate,false
BW2_J1J2_D196_T90_PSI98_H525,452.0,1.00937006168,0.00681046778697,148.208624319,0.993297974534,0.00670202546643,-0.986595949067,1.01618052946,PASS,D:\project\blue_apcd_microled_metasurface\outputs\stage10_cp_bw2_robust_narrowband_dimer_screen\_saved_fsp_dense_lite\BW2_J1J2_D196_T90_PSI98_H525\BW2_J1J2_D196_T90_PSI98_H525_452NM_XIN.fsp;D:\project\blue_apcd_microled_metasurface\outputs\stage10_cp_bw2_robust_narrowband_dimer_screen\_saved_fsp_dense_lite\BW2_J1J2_D196_T90_PSI98_H525\BW2_J1J2_D196_T90_PSI98_H525_452NM_YIN.fsp,true,best red-shifted / RCLED-weighted candidate,true
BW2_J1J2_D196_T90_PSI98_H525,452.25,0.962979329691,0.00711005629277,135.439058432,0.992670720456,0.00732927954424,-0.985341440912,0.970089385984,PASS,D:\project\blue_apcd_microled_metasurface\outputs\stage10_cp_bw2_robust_narrowband_dimer_screen\_saved_fsp_refined_025\BW2_J1J2_D196_T90_PSI98_H525\BW2_J1J2_D196_T90_PSI98_H525_452p25NM_XIN.fsp;D:\project\blue_apcd_microled_metasurface\outputs\stage10_cp_bw2_robust_narrowband_dimer_screen\_saved_fsp_refined_025\BW2_J1J2_D196_T90_PSI98_H525\BW2_J1J2_D196_T90_PSI98_H525_452p25NM_YIN.fsp,true,best red-shifted / RCLED-weighted candidate,false
BW2_J1J2_D196_T90_PSI98_H525,452.5,0.926689270773,0.00716548529905,129.32679813,0.992326980987,0.00767301901335,-0.984653961973,0.933854756073,PASS,D:\project\blue_apcd_microled_metasurface\outputs\stage10_cp_bw2_robust_narrowband_dimer_screen\_saved_fsp_dense_lite\BW2_J1J2_D196_T90_PSI98_H525\BW2_J1J2_D196_T90_PSI98_H525_452p5NM_XIN.fsp;D:\project\blue_apcd_microled_metasurface\outputs\stage10_cp_bw2_robust_narrowband_dimer_screen\_saved_fsp_dense_lite\BW2_J1J2_D196_T90_PSI98_H525\BW2_J1J2_D196_T90_PSI98_H525_452p5NM_YIN.fsp,true,best red-shifted / RCLED-weighted candidate,true
BW2_J1J2_D196_T90_PSI98_H525,452.75,0.914072246602,0.0068775468275,132.906728159,0.992532115348,0.00746788465187,-0.985064230696,0.92094979343,PASS,D:\project\blue_apcd_microled_metasurface\outputs\stage10_cp_bw2_robust_narrowband_dimer_screen\_saved_fsp_refined_025\BW2_J1J2_D196_T90_PSI98_H525\BW2_J1J2_D196_T90_PSI98_H525_452p75NM_XIN.fsp;D:\project\blue_apcd_microled_metasurface\outputs\stage10_cp_bw2_robust_narrowband_dimer_screen\_saved_fsp_refined_025\BW2_J1J2_D196_T90_PSI98_H525\BW2_J1J2_D196_T90_PSI98_H525_452p75NM_YIN.fsp,true,best red-shifted / RCLED-weighted candidate,false
BW2_J1J2_D196_T90_PSI98_H525,453.0,0.928481324728,0.00621263137777,149.450573883,0.993353298866,0.00664670113376,-0.986706597732,0.934693956106,PASS,D:\project\blue_apcd_microled_metasurface\outputs\stage10_cp_bw2_robust_narrowband_dimer_screen\_saved_fsp_dense_lite\BW2_J1J2_D196_T90_PSI98_H525\BW2_J1J2_D196_T90_PSI98_H525_453NM_XIN.fsp;D:\project\blue_apcd_microled_metasurface\outputs\stage10_cp_bw2_robust_narrowband_dimer_screen\_saved_fsp_dense_lite\BW2_J1J2_D196_T90_PSI98_H525\BW2_J1J2_D196_T90_PSI98_H525_453NM_YIN.fsp,true,best red-shifted / RCLED-weighted candidate,true
BW2_J1J2_D196_T90_PSI98_H525,453.25,0.962430107473,0.00524169086289,183.610619674,0.994583193525,0.00541680647499,-0.98916638705,0.967671798336,PASS,D:\project\blue_apcd_microled_metasurface\outputs\stage10_cp_bw2_robust_narrowband_dimer_screen\_saved_fsp_refined_025\BW2_J1J2_D196_T90_PSI98_H525\BW2_J1J2_D196_T90_PSI98_H525_453p25NM_XIN.fsp;D:\project\blue_apcd_microled_metasurface\outputs\stage10_cp_bw2_robust_narrowband_dimer_screen\_saved_fsp_refined_025\BW2_J1J2_D196_T90_PSI98_H525\BW2_J1J2_D196_T90_PSI98_H525_453p25NM_YIN.fsp,true,best red-shifted / RCLED-weighted candidate,false
BW2_J1J2_D196_T90_PSI98_H525,453.5,1.00121712956,0.00415649358668,240.880229618,0.995865722463,0.00413427753719,-0.991731444926,1.00537362315,PASS,D:\project\blue_apcd_microled_metasurface\outputs\stage10_cp_bw2_robust_narrowband_dimer_screen\_saved_fsp_dense_lite\BW2_J1J2_D196_T90_PSI98_H525\BW2_J1J2_D196_T90_PSI98_H525_453p5NM_XIN.fsp;D:\project\blue_apcd_microled_metasurface\outputs\stage10_cp_bw2_robust_narrowband_dimer_screen\_saved_fsp_dense_lite\BW2_J1J2_D196_T90_PSI98_H525\BW2_J1J2_D196_T90_PSI98_H525_453p5NM_YIN.fsp,true,best red-shifted / RCLED-weighted candidate,true
BW2_J1J2_D196_T90_PSI98_H525,453.75,1.02912073414,0.00325049778999,316.604040558,0.996851425447,0.0031485745529,-0.993702850894,1.03237123193,PASS,D:\project\blue_apcd_microled_metasurface\outputs\stage10_cp_bw2_robust_narrowband_dimer_screen\_saved_fsp_refined_025\BW2_J1J2_D196_T90_PSI98_H525\BW2_J1J2_D196_T90_PSI98_H525_453p75NM_XIN.fsp;D:\project\blue_apcd_microled_metasurface\outputs\stage10_cp_bw2_robust_narrowband_dimer_screen\_saved_fsp_refined_025\BW2_J1J2_D196_T90_PSI98_H525\BW2_J1J2_D196_T90_PSI98_H525_453p75NM_YIN.fsp,true,best red-shifted / RCLED-weighted candidate,false
BW2_J1J2_D196_T90_PSI98_H525,454.0,1.0356110116,0.00286110084104,361.962429545,0.99724489391,0.00275510608978,-0.99448978782,1.03847211244,PASS,D:\project\blue_apcd_microled_metasurface\outputs\stage10_cp_bw2_robust_narrowband_dimer_screen\_saved_fsp_dense_lite\BW2_J1J2_D196_T90_PSI98_H525\BW2_J1J2_D196_T90_PSI98_H525_454NM_XIN.fsp;D:\project\blue_apcd_microled_metasurface\outputs\stage10_cp_bw2_robust_narrowband_dimer_screen\_saved_fsp_dense_lite\BW2_J1J2_D196_T90_PSI98_H525\BW2_J1J2_D196_T90_PSI98_H525_454NM_YIN.fsp,true,best red-shifted / RCLED-weighted candidate,true
